L(cm);T²
1.0;0.10201133896398859
1.0;0.10763779852034837
1.0;0.11219652227173137
1.0;0.11479156751966177
1.0;0.10828624902960014
1.0;0.11111163076394019
0.9;0.0917313615832537
0.8;0.07935728405827
0.7;0.07006953185719067
0.6;0.059746103900062617
