L(cm);T²
100;0.10201133896398859
100;0.10763779852034837
100;0.11219652227173137
100;0.11479156751966177
100;0.10828624902960014
100;0.11111163076394019
90;0.0917313615832537
80;0.07935728405827
70;0.07006953185719067
60;0.059746103900062617
